,luwe zijde raamstand - %  (afd 4) - Percentage (%) - averages,PAR Sensor (13D) - PAR (μmol m−2 s−1) - averages,Weather solutions station Pantar Tuinderij - Air pressure (hPa) - averages,Weather solutions station Pantar Tuinderij - Global radiation  (W/m2) - averages,Weather solutions station Pantar Tuinderij - Rain (mm) - averages,Weather solutions station Pantar Tuinderij - Rain probability (%) - averages,Weather solutions station Pantar Tuinderij - Relative humidity (%) - averages,Weather solutions station Pantar Tuinderij - Temperature (°C) - averages,Weather solutions station Pantar Tuinderij - Wind direction () - averages,Weather solutions station Pantar Tuinderij - Wind speed (m/s) - averages,vochtdeficit - g/m³  (afd 4) - Humidity deficit (g/m3) - averages,verwarmingstemp: ber - °C  (afd 4) - Temperature (°C) - averages,ventilatietemp: ber  - °C  (afd 4) - Temperature (°C) - averages,Tafelbuis - °C  (afd 4) - Temperature (°C) - averages,Sensor PMC (21B) - Surface temperature (°C) - averages,Sensor PMC (21B) - Absolute Humidity (g/m3) - averages,Sensor PMC (21B) - Absolute diff. temp. and dewpoint temp. (°C) - averages,Sensor PMC (21B) - Dewpoint (°C) - averages,Sensor PMC (21B) - Humidity (%) - averages,Sensor PMC (21B) - Humidity Deficit (g/m3) - averages,Sensor PMC (21B) - Air temperature (°C) - averages,Sensor PMC (21B) - VPD (kPa) - averages,Sensor kas 4 R (888) - Absolute Humidity (g/m3) - averages,Sensor kas 4 R (888) - Dewpoint (°C) - averages,Sensor kas 4 R (888) - Humidity (%) - averages,Sensor kas 4 R (888) - Humidity Deficit (g/m3) - averages,Sensor kas 4 R (888) - Temperature (°C) - averages,Sensor kas 4 L (073) - Absolute Humidity (g/m3) - averages,Sensor kas 4 L (073) - Dewpoint (°C) - averages,Sensor kas 4 L (073) - Humidity (%) - averages,Sensor kas 4 L (073) - Humidity Deficit (g/m3) - averages,Sensor kas 4 L (073) - Temperature (°C) - averages,Sensor 0013A20041A24464 - ECb (µS/cm) - averages,Sensor 0013A20041A24464 - ECw (µS/cm) - averages,Sensor 0013A20041A24464 - Temp (°C) - averages,Sensor 0013A20041A24464 - VWC (%) - averages,Sendot Zuurstof sensor (5E1) - atmospheric (%) - averages,Sendot Zuurstof sensor (5E1) - battery (V) - averages,Sendot Zuurstof sensor (5E1) - dissolved (mg/L) - averages,Sendot Zuurstof sensor (5E1) - pressure (mB) - averages,Sendot Zuurstof sensor (5E1) - saturation (%sat) - averages,Sendot Zuurstof sensor (5E1) - temperature (°C) - averages,Sendot Fotosynthese efficiency (11B) - battery (V) - averages,Sendot Fotosynthese efficiency (11B) - efficiency (%) - averages,Sendot Fotosynthese efficiency (11B) - f0 (units) - averages,Sendot Fotosynthese efficiency (11B) - fmax (units) - averages,Sendot Fotosynthese efficiency (11B) - par (μmol m−2 s−1) - averages,Schermdoek 1 - %  (afd 4) - Percentage (%) - averages,RV kas - %  (afd 4) - Humidity (%) - averages,kastemperatuur - °C  (afd 4) - Temperature (°C) - averages,kastemperatuur - °C  (afd 1) - Temperature (°C) - averages,bovenbuis - °C  (afd 4) - Temperature (°C) - averages,bovenbuis - °C  (afd 1) - Temperature (°C) - averages,wind zijde raamstand - %  (afd 4) - Percentage (%) - averages,Sensor 0013A20041A0002A NIEUW - co2 (ppm) - averages
2020-09-07 00:00:00,2,0,0,0,0,0,0,0,0,0,2.65,17,22,22,17.3,11.9,3.4,13.9,80.5,2.9,17.3,0.4,11.8,13.8,79.1,3.1,17.5,12.5,14.8,79.8,3.2,18.4,171.6,NaN,18.4,9.5,22.3,3.9,10.2,1019,107.6,17.8,3.8,77.7,55.9,250.5,0,99,83,18.2,18.8,20.5,30,0,594.65
2020-09-07 01:00:00,2,0,1021.2,0,0.1,5,95,11.9,262,1.5,2.52,17,22,21.5,17.1,11.8,3.2,13.8,81.3,2.7,17,0.4,11.4,13.3,79.3,3,16.9,12.2,14.4,79.8,3.1,18,171.1,NaN,18,9.5,22.3,3.9,10.3,1019.2,107.2,17.4,3.8,77.6,56.3,250,0,98.88,83.2,17.7,18.7,20,29.9,0,594.66
2020-09-07 02:00:00,2,0,1021.5,0,0.1,5,100,10.2,233,0.5,2.39,17,22,21,16.8,11.7,3.1,13.7,82,2.6,16.8,0.3,11.1,12.9,79.5,2.9,16.4,11.9,14,79.9,3,17.6,170.5,NaN,17.6,9.5,22.2,3.9,10.3,1020.2,106.8,16.9,3.8,77.1,57,248.9,0,98.73,84,17.3,18.5,19.5,29.6,0,603.97
2020-09-07 03:00:00,2.2,0,1021.4,0,0,5,100,10.2,217,1,2.3,17,22.2,21.2,16.8,11.7,3,13.7,82.5,2.5,16.7,0.3,10.8,12.5,79.6,2.8,16,11.7,13.7,79.8,3,17.2,169.7,NaN,17.2,9.5,22.1,3.9,10.4,1019.7,106.5,16.6,3.8,77.2,56.7,248.5,0,76.52,84.1,16.9,18.4,19,30.1,0,610.8
2020-09-07 04:00:00,3.6,0,1021.4,0,0,5,100,10.2,202,1,2.07,17,22,26,16.4,11.7,2.7,13.7,84.1,2.2,16.4,0.3,10.6,12.2,81.1,2.5,15.4,11.3,13.1,80.7,2.7,16.4,168.7,NaN,16.6,9.5,22.1,3.9,10.5,1019.2,106.4,16.1,3.8,76.9,57.5,247.8,0,0,85.3,16.4,17.7,26,30.9,0,620.42
2020-09-07 05:00:00,2,0,1021.3,0,0,5,100,10.3,188,1,2.55,17,22,29.2,16.9,12.2,2.4,14.3,85.8,2,16.7,0.3,11.6,13.5,80.7,2.8,16.9,12.1,14.2,80.6,2.9,17.6,167.5,NaN,17,9.5,22.2,3.9,10.2,1019,106.7,17.3,3.8,77.1,56.1,246.6,0,0,83.4,17.8,18,30.3,37.1,0,627.39
2020-09-07 06:00:00,3.2,0.62,1021.5,0,0,5,100,10.4,185,1.5,2.5,17,22,29.9,17.3,12.6,2.3,14.8,86.3,2,17.1,0.3,12.1,14.3,80.4,3,17.7,12.6,15,80.5,3.1,18.4,297.9,NaN,17.8,15,21.7,3.9,9.8,1019.4,104.7,18.6,3.8,75.2,60.4,244.1,0,0,84.3,18.6,18.2,31.1,37.3,0,629.2
2020-09-07 07:00:00,4.8,20.56,1021.6,0,0,5,98,11.1,188,1.5,2.12,17,22,30.3,18.3,13.2,2.3,15.6,86.7,2,17.8,0.3,13.1,15.6,81.2,3,18.9,13.4,15.9,80.4,3.3,19.4,586.2,4918.2,18.7,25.6,19.3,3.9,8.6,1019.9,93.2,19.5,3.8,58.7,82.3,200.4,8,0,87.3,19.4,18.8,31.6,37.1,0,659.07
2020-09-07 08:00:00,4.4,95.11,1021.8,98.6,0,5,94,12.5,192,2.1,2.71,17,22,27,19.9,13.2,3.7,15.7,79.4,3.5,19.4,0.5,14.7,17.5,77.2,4.4,21.7,14.8,17.6,76.6,4.6,22,627.5,4889.7,19.8,26.9,16.3,3.9,7.2,1021,78.6,19.9,3.8,45.6,97.5,180.3,43.5,0,85.2,21,20.1,29.8,37,0,651.83
2020-09-07 09:00:00,7.8,164.92,1022.1,116.7,0,5,87,14.5,199,3.1,4.13,17,22,27,20.8,12.4,5.6,14.8,70.4,5.2,20.4,0.7,15.5,18.5,70.9,6.4,24.1,15.5,18.5,69.6,6.8,24.4,644.4,4893,21.3,27.4,13.2,3.9,5.7,1021.3,63.6,20.5,3.8,38.3,104.3,168.7,73.6,0,79.2,22.3,20.7,28,33.8,0,608.48
2020-09-07 10:00:00,46,234.48,1022.5,230.6,0.1,5,79,16.4,207,4.1,8.16,17,22,27,24.6,12.8,7.6,15.3,62.5,7.7,22.9,1.2,15.8,19,55.5,12.8,28.9,15.6,18.8,57.2,11.8,28.1,654.7,4909.4,22.7,27.6,10.3,3.9,4.4,1021.9,50,21.2,3.8,27.7,105.7,146.5,83.5,0,62.5,23.9,22.3,27,31.1,0,591.33
2020-09-07 11:00:00,74.7,202.39,1022.9,350,0.1,10,73,17.7,214,4.6,10.01,18,22,27,25.6,12.5,8.8,15.1,57.8,9.2,24,1.4,14.4,17.5,51.4,13.9,28.6,14.7,17.8,53,13.1,28.3,665.7,4968.5,23.7,27.7,8.3,3.9,3.5,1022,40.1,22.3,3.8,33.2,94.9,143.1,125.7,21.46,55.3,24.3,23.3,27.1,29.8,4,567.43
2020-09-07 12:00:00,93.3,102.99,1022.8,394.4,0.1,5,70,18.3,224,5.7,11.64,18,22,27,26.5,11.8,11,14.2,50.5,11.5,25.2,1.7,13.2,16.1,48.6,14,28,13.6,16.7,49.2,14.1,28.3,669.8,5005.3,24,27.6,6.7,3.9,2.8,1021.9,32.5,23,3.8,36.4,97.4,153.3,100.2,66.08,48.6,24.6,24.4,27,29.4,13.9,548.74
2020-09-07 13:00:00,84.4,105.42,1022.6,408.3,0,5,67,18.6,232,6.2,11.52,18,22,27,26,11.5,10.9,13.8,50.9,11.1,24.7,1.7,12.8,15.6,50.5,12.6,26.7,13.4,16.4,48.8,14.1,28.2,671.2,5037.2,23.9,27.6,6.3,3.9,2.6,1021.9,30.6,23.4,3.8,34.2,100.3,152.9,152.1,52.08,48.1,24.3,23.9,27,29,8.8,552.07
2020-09-07 14:00:00,85.3,88.29,1022.5,400,0,5,66,18.8,236,6.7,11.09,18,22,27,25.5,11.3,10.6,13.5,51.6,10.6,24.1,1.6,12.6,15.3,50.4,12.5,26.5,13,15.9,48.2,14.1,27.9,669.4,5062.7,23.6,27.4,7.6,3.9,3.1,1022,36.8,23.5,3.8,32.7,100.8,150.7,198.8,40.48,48.3,23.7,23.8,27,29.6,2.1,541.68
2020-09-07 15:00:00,91.2,80.43,1022.5,416.7,0,5,65,19,237,6.7,11.43,18,22,27,25.6,11.5,10.8,13.8,51.1,11,24.6,1.6,12.4,15,51.2,11.9,25.9,13.1,16,49.4,13.5,27.6,662.2,5056.1,23.7,27.3,10.4,3.9,4.3,1022,50.3,23.7,3.8,39.9,94,156.3,62.4,71.96,48.3,24.2,24.5,28,33.3,7.3,543.16
2020-09-07 16:00:00,48.3,346.23,1022.6,391.7,0,5,66,18.9,236,6.7,9.18,17.2,22,27,23.6,11.9,8.4,14.3,59,8.3,22.7,1.2,13.3,16.2,54.7,11.2,26,13.6,16.6,50.3,13.6,27.9,656.3,5054.6,23.2,27.1,12,3.9,5,1022,58.2,23.5,3.8,34.4,102.6,156.6,129.2,0,55.4,22.9,22.2,27,32.1,0,544.82
2020-09-07 17:00:00,46.8,239.44,1022.6,344.4,0,0,67,18.5,234,6.7,8.93,17,22,26.9,23.4,11.8,8.4,14.2,59,8.2,22.6,1.2,13.2,16.1,52.5,12.2,26.7,13.1,16,51.1,12.7,27,648.7,5054.3,23.5,26.9,15.9,3.9,6.4,1022,77.1,24.5,3.8,38.1,98.9,159.8,79.1,0,55.5,22.6,22.1,27.3,30.5,0,545.69
2020-09-07 18:00:00,26.9,150.53,1022.5,225,0,5,71,17.8,230,6.2,8.22,17,22,26,22.3,11.8,7.5,14.1,62.4,7.1,21.6,1,13,15.7,57.2,9.8,24.8,13.4,16.2,53.8,11.5,26.4,645.5,5059.4,23,26.8,18.9,3.9,7.8,1021.8,91.8,23.4,3.8,40.5,96.6,162.8,60.6,0,58.8,22.4,21.5,26.7,29.2,0,549.82
2020-09-07 19:00:00,4.6,40.53,1022.4,116.7,0,5,75,16.9,225,5.7,6.32,17,22,25.9,20.4,11.4,6.7,13.5,65.3,6.1,20.2,0.8,12.7,15.3,64.5,7,22.3,13.6,16.4,63.7,7.8,23.7,642.4,5037,22.3,26.8,19.5,3.9,8.2,1021.4,94.6,22.3,3.8,53.2,84.7,181.4,15.5,0,67.3,21.9,20.4,25.8,29.2,0,556.07
2020-09-07 20:00:00,0,1.86,1022.3,38.9,0,0,81,16,222,5.1,4.16,17,22,25,19,11.3,5.6,13.2,69.8,4.9,18.9,0.7,13.1,15.6,73.7,4.7,20.5,13.5,16.2,71.4,5.4,21.6,639.6,5004.2,21.5,26.8,19.8,3.9,8.5,1021.1,95.6,21.3,3.8,70.8,62.3,217.1,0.2,0,77.3,20.8,19.8,24.6,29.1,0,554.23
2020-09-07 21:00:00,0.8,0,1022.1,25,0,5,84,15.5,217,5.1,3.08,17,22,24.1,18.4,11.5,4.7,13.5,74.1,4,18.2,0.5,13.2,15.7,79.6,3.4,19.3,13.5,16,76.4,4.2,20.3,636.2,4959.8,20.6,26.9,20,3.9,8.7,1021.3,96.4,20.4,3.8,78.2,54.4,249.8,0,0,82,19.8,19.6,23.4,29.6,0,556.38
2020-09-07 22:00:00,2.3,0,1022.2,0,0,5,87,15.2,214,5.1,2.56,17,22,23.3,18.3,11.9,4,14,77.4,3.5,18,0.5,13,15.4,81.4,3,18.7,13.4,15.9,79.4,3.5,19.6,633.1,4917.9,19.8,27,20.1,3.9,8.9,1021.8,96.9,19.6,3.8,78.1,55,252.1,0,29.66,84.7,19.2,19.4,22.3,29.6,0,560.92
2020-09-07 23:00:00,4.1,0,1022.3,0,0,0,88,14.9,211,5.1,2.29,17,22,22.8,18.5,12.2,3.9,14.4,77.8,3.5,18.3,0.5,12.8,15.1,80.5,3.1,18.5,13.4,15.9,79.9,3.4,19.4,631.6,4893,19.4,27,20.2,3.9,9,1021.5,97.4,19.1,3.7,78.2,54.7,251.8,0,97.75,86.2,19.1,19.9,21.5,30,0,560.76
2020-09-08 00:00:00,3.2,0,1022.2,0,0,5,90,14.7,210,5.1,2.42,17,22,22,18.3,12.3,3.7,14.5,78.8,3.3,18.2,0.4,12.4,14.7,80,3.1,18.2,13.2,15.6,80,3.3,19.2,628,4860.3,19.1,27,20.2,3.9,9.1,1020.9,97.5,18.8,3.7,78,55.7,250.7,0,98.1,85,18.8,20,21,30,0,561.23
2020-09-08 01:00:00,3.3,0,1022,0,0,5,91,14.6,208,5.1,2.38,17,22,22,18.2,12.2,3.6,14.4,79.5,3.2,18.1,0.4,12.4,14.6,80.6,3,18,13.1,15.6,80.6,3.2,19,627.8,4852,18.8,27,20.3,3.9,9.2,1019.6,98,18.4,3.7,77.8,55.9,250.5,0,98.2,85.3,18.7,20,20.8,30,0,565.01
2020-09-08 02:00:00,4,0,1021.8,0,0,0,88,15.6,215,5.7,2.2,17,22,21.8,18.4,12.4,3.5,14.7,80.1,3.1,18.2,0.4,12.5,14.8,81.1,2.9,18.1,13.2,15.7,81.4,3,19,626,4836.1,18.6,27,20.4,3.9,9.3,1020.9,98.3,18.1,3.7,77.6,56.3,250.4,0,97.93,86.2,18.7,20.1,20,30.1,0,569.9
2020-09-08 03:00:00,4,0,1021.8,0,0,10,88,15.8,217,5.1,2.21,17,22.2,22.1,18.5,12.5,3.5,14.8,80.3,3.1,18.3,0.4,12.6,14.9,81.2,2.9,18.2,13.3,15.8,81.8,3,19,624.3,4824.8,18.6,27,20.4,3.9,9.3,1020.9,98.2,18,3.7,77.8,56.1,250.7,0,69.34,86.3,18.7,20.1,20,30.2,0,569
2020-09-08 04:00:00,4.9,0,1021.7,0,0,5,89,15.9,218,5.1,1.72,17,22,23.4,18.3,12.9,2.8,15.3,83.8,2.5,18,0.3,12.6,14.8,83.6,2.5,17.6,13.2,15.6,83.8,2.5,18.4,625.6,4832.6,18.3,27.1,20.5,3.9,9.4,1019.7,98.7,17.8,3.7,77.2,57.6,252.5,0,0,89,18.1,19.5,20,29.7,0,571.92
2020-09-08 05:00:00,5,0.03,1021.6,0,0,5,90,15.8,223,4.6,1.59,17,22,28,18.3,13.2,2.5,15.6,85.5,2.2,18.1,0.3,12.8,15.1,84.8,2.3,17.7,13.4,15.8,85.3,2.3,18.4,623.2,4811,18.1,27.1,20.5,3.9,9.4,1020.7,98.7,17.7,3.7,77.3,57.4,252.6,0,0,89.8,18.3,19.3,30.2,37.4,0,577.28
2020-09-08 06:00:00,5,0.45,1021.8,0,0,5,91,15.7,223,4.6,1.94,17,22,29.9,18.6,13.5,2.3,16,86.2,2.2,18.3,0.3,13.5,16.1,83.2,2.7,19,14,16.6,83.5,2.8,19.5,621.8,4814.1,18.5,27,21.4,3.9,9.6,1020.6,103.1,18.7,3.7,76.2,59.1,247.9,0,0,88.3,19.4,19.4,32.5,37.1,0,588.64
2020-09-08 07:00:00,5,11.14,1022.1,0,0,10,92,15.9,226,4.6,1.99,17,22,29.8,19.1,13.9,2.3,16.5,86.6,2.2,18.7,0.3,14,16.7,83.2,2.8,19.6,14.3,17,82.7,3,20,622.3,4841.1,19,26.9,21.8,3.9,9.7,1021,105.4,19.4,3.7,62.1,78.7,209.5,3.6,0,88.3,19.8,19.4,32,37.3,0,595.54
2020-09-08 08:00:00,5,44.31,1022.3,54.7,0,10,91,16.4,230,4.6,2.07,17,22,27.3,19.7,14.2,2.5,16.8,85.3,2.4,19.3,0.3,14.6,17.3,82.6,3.1,20.4,14.9,17.7,81.8,3.3,20.9,621.6,4860.1,19.6,26.8,21.8,3.9,9.6,1021.5,105.4,19.8,3.7,51.6,90.6,187.5,23.1,0,88.4,20.4,19.9,29.5,37.3,0,613.94
2020-09-08 09:00:00,5,67.72,1022.7,77.8,0,5,89,17.2,233,5.1,2.13,17,22,26.9,19.9,14.3,2.7,16.9,84.6,2.6,19.6,0.4,14.8,17.5,82.2,3.2,20.6,15.1,17.9,81.4,3.4,21.2,623.8,4898.8,20,26.8,21.8,3.9,9.6,1021.9,105.4,19.8,3.7,50.6,92.9,190.1,32.4,0,88.2,20.5,20.1,27,32.6,0,619.29
2020-09-08 10:00:00,17.7,173.49,1023.1,150,0,5,86,18,236,5.7,4.05,17,22,26,21.8,14.6,3.9,17.4,78.5,4,21.3,0.6,15.8,18.7,74.6,5.4,23.5,16.1,19.1,73.2,5.9,24.2,618.3,4896.7,21.2,26.6,21.7,3.9,9.4,1022,104.6,20.4,3.7,36.6,106.8,167.8,97.9,0,79.5,22.2,21.2,26,31.1,0,582.12
2020-09-08 11:00:00,6.8,111.24,1023.5,227.8,0,5,84,18.5,238,6.2,4.11,18,22,25.8,19.1,14.7,2.1,17.3,87.8,2.1,19.5,0.3,15.5,18.4,75,5.1,23.1,15.7,18.7,72.7,5.9,23.9,619.8,4953,21.7,26.5,21.8,3.9,9.4,1022,105.4,20.9,3.7,39.7,103.2,171,62.6,0,79,22.1,20.5,25.1,31.3,0,574.23
2020-09-08 12:00:00,10.6,140.07,1023.7,266.7,0.1,5,83,18.9,237,6.2,4.29,18,22,25,19.2,14.6,2.3,17.3,86.5,2.3,19.6,0.3,15.8,18.7,74.8,5.3,23.4,15.9,18.9,72.3,6.1,24.2,618.4,4977.9,22,26.3,21.8,3.9,9.3,1022.2,105.3,21.3,3.7,38.1,104.9,169.1,78.1,0,78.5,22.4,20.7,25,31.6,0,574.99
2020-09-08 13:00:00,36.3,308.65,1023.9,261.1,0,5,83,19.1,237,6.2,5.98,18,22,25,20.8,14.9,3.5,17.7,80.5,3.6,21.2,0.5,15.9,18.9,68.5,7.4,25.2,16.2,19.3,66.6,8.2,26,616,5002.4,22.8,26.2,21.7,3.9,9.2,1022.6,105.2,21.9,3.7,31.7,111.1,162.5,179.5,0,71.8,23.4,22,25,32.3,0,565.87
2020-09-08 14:00:00,45.6,231.16,1024.1,250,0,0,83,19.2,237,5.7,5.66,18,22,25,20.9,14.9,3.9,17.7,78.6,4.1,21.5,0.5,15.3,18.3,67.3,7.5,24.8,15.8,18.9,64.7,8.6,26,615.4,5066.2,23.2,25.9,21.7,3.9,9.1,1023.3,105.4,22.5,3.7,33.6,106.9,161.1,133.1,0,72.2,22.7,21.9,25,33,0,567.68
2020-09-08 15:00:00,29.9,248.88,1023.9,197.2,0,5,84,19.1,236,5.7,5.35,18,22,25,20.7,14.6,3.7,17.3,79.5,3.8,21,0.5,15.2,18.2,69,6.9,24.3,15.7,18.8,66.4,8,25.5,611.4,5068.6,22.9,25.8,21.9,3.9,9.2,1023.1,106,22.4,3.7,33.7,106,160,132.4,0,73.3,22.5,21.4,25,33,0,566.19
2020-09-08 16:00:00,42.5,220.39,1023.9,130.6,0.1,10,86,18.9,235,5.7,5.74,17.2,22,25,21.3,14.8,4.1,17.6,77.8,4.2,21.7,0.6,15.3,18.3,66.8,7.7,24.9,15.9,18.9,64.6,8.8,26.2,604.8,5069.7,23.3,25.6,22,3.9,9.2,1023.6,106.4,22.7,3.7,33.9,104.5,158.4,129,0,71.8,22.7,21.8,25,30.8,0,563.29
2020-09-08 17:00:00,27.4,128.68,1023.8,77.8,0.1,20,88,18.6,231,5.7,4.92,17,22,25,20.6,14.6,3.7,17.3,79.7,3.7,21,0.5,15,18,70.5,6.3,23.6,15.7,18.7,69.6,6.9,24.7,601,5075.5,23,25.5,22,3.9,9.2,1022.8,106.4,22.5,3.7,39.7,99.2,165.3,72.6,0,75.3,22.4,21.5,25,29.4,0,573.22
2020-09-08 18:00:00,4.9,46.13,1023.6,50,0.1,5,89,18.3,230,5.1,3.72,17,22,24.9,19.6,14.1,3.1,16.8,82.1,3.1,19.9,0.4,14.9,17.8,75.7,4.8,22.3,15.8,18.7,77.1,4.7,22.9,597.3,5053,22.3,25.5,22,3.9,9.3,1022.1,106.4,22,3.7,48.5,92.3,179.7,25.4,0,81,22,20.7,24.1,29.5,0,581.38
2020-09-08 19:00:00,2.8,18.44,1023.5,22.2,0.1,10,91,18.1,226,4.6,2.89,17,22,24.1,19.3,13.9,3.1,16.6,82.5,3,19.6,0.4,15.1,18,78.4,4.2,21.9,16.1,19,81.2,3.7,22.4,594.2,5030.5,22.1,25.5,22,3.9,9.4,1022,106.4,21.6,3.7,57.2,81.7,191.1,8.7,0,84.9,21.8,20.4,24,29.5,0,587.35
2020-09-08 20:00:00,4.1,0.76,1023.4,8.3,0.1,10,94,17.7,221,4.1,2.44,17,22,24,18.9,13.9,2.7,16.4,84.5,2.5,19.1,0.3,14.7,17.5,80.9,3.5,20.9,15.5,18.3,83.3,3.1,21.3,592.6,5008.4,21.5,25.5,21.9,3.9,9.4,1022,105.8,21.1,3.7,74.4,59.8,237.1,0,0,86.7,20.9,20,23.5,29.5,0,585.84
2020-09-08 21:00:00,5,0,1023.4,4.7,0.1,10,95,17.3,214,4.1,2.25,17,22,23.4,19,14,2.4,16.6,86,2.3,19,0.3,14.4,17.1,82.4,3.1,20.2,15.1,17.9,84.4,2.8,20.6,591.2,4983.9,20.9,25.5,21.9,3.9,9.5,1022,105.8,20.5,3.7,79,54.3,258.9,0,0,87.3,20.3,20.1,22.9,30,0,578.44
2020-09-08 22:00:00,5,0,1023.5,0,0,15,96,17,208,3.6,2.15,17,22,23,19.1,14.1,2.4,16.7,86.1,2.3,19.1,0.3,14.2,16.9,82.8,3,19.9,15,17.7,85.4,2.6,20.3,589.5,4958.4,20.5,25.6,22,3.9,9.6,1022,106.2,20,3.7,78.7,55.3,260.7,0,29.38,88,20.2,20.4,22,30,0,582.06
2020-09-08 23:00:00,5,0,1023.4,0,0,5,94,17,201,3.1,2.05,17,22,23,19.3,14.3,2.4,16.9,86.2,2.3,19.3,0.3,14.3,16.9,82.8,3,20,15.3,18,86.7,2.3,20.3,588,4939.2,20.3,25.6,22,3.9,9.7,1022,106.2,19.8,3.7,78.9,55.5,260.9,0,97.15,88.3,20.2,20.9,22,30.4,0,584.88
2020-09-09 00:00:00,5,0,1023.1,0,0,5,96,16.8,200,3.1,1.86,17,22,23,19.3,14.4,2.3,17,86.6,2.2,19.3,0.3,14.3,17,83.4,2.9,19.9,15.3,18,87,2.3,20.3,587.6,4936.3,20.2,25.6,22,3.9,9.7,1022,106.1,19.5,3.7,78.9,55.7,262,0,96.8,89.3,20.2,21,22,31,0,588.25
2020-09-09 01:00:00,5,0,1022.8,0,0,5,95,16.7,197,3.1,1.58,17,22,22.3,18.8,14.1,2.1,16.7,87.4,2,18.9,0.3,14,16.7,84,2.7,19.4,15,17.7,87.1,2.2,20,586.4,4925.1,20,25.6,21.9,3.9,9.7,1022,105.7,19.4,3.7,78.3,56.9,263,0,96.18,90.7,19.8,20.7,21,30.7,0,593.25
2020-09-09 02:00:00,5,0,1022.5,0,0,0,94,17,195,4.1,1.4,17,22,22,18.8,14.2,1.9,16.8,89,1.8,18.7,0.2,14,16.6,85,2.5,19.2,14.9,17.6,87.4,2.1,19.7,585.8,4916.1,19.7,25.6,22,3.9,9.8,1021,106,19.2,3.7,78.7,56.3,264,0,95.97,91.8,19.6,20.6,21,30.4,0,597.3
2020-09-09 03:00:00,5,0,1021.7,0,0,10,95,17.1,198,4.1,1.41,17,22.2,22.3,19.1,14.3,1.9,17,88.5,1.9,18.9,0.3,14.1,16.7,85.1,2.5,19.3,14.9,17.6,87.6,2.1,19.7,585.2,4911.9,19.6,25.6,22,3.9,9.8,1019,105.9,19,3.7,78.3,56.9,263.1,0,64.56,91.8,19.6,20.7,21,30.1,0,594.9
2020-09-09 04:00:00,5,0,1021.1,0,0,5,96,17.1,200,4.1,1.49,17,22,23.3,19.2,14.4,2.1,17,87.4,2.1,19.1,0.3,14.1,16.7,85.3,2.4,19.2,14.8,17.5,88,2,19.6,584,4903.6,19.5,25.6,22,3.9,9.8,1018.7,106.1,19,3.7,78.2,56.9,261.1,0,0,91,19.5,20.4,21,29.8,0,589.31
2020-09-09 05:00:00,5,0,1020.4,0,0,5,96,17,203,4.6,1.66,17,22,27.9,19.3,14.3,2.2,16.9,86.9,2.1,19.2,0.3,14.2,16.8,84.6,2.6,19.5,15,17.7,88,2,19.7,583.2,4898.6,19.5,25.6,22,3.9,9.8,1018.1,106.2,19,3.7,78.3,56.3,259.9,0,0,90.3,19.8,20.3,30.3,36.8,0,589.28
2020-09-09 06:00:00,5,0.36,1020.2,0,0,5,96,16.9,203,4.6,2.33,17,22,30.1,19.3,14.4,2.2,17,87.2,2.1,19.2,0.3,14.7,17.5,82.4,3.1,20.6,15.5,18.3,85.8,2.6,20.8,582.8,4909.8,19.9,25.5,21.9,3.9,9.6,1018.4,105.9,20,3.7,77.4,58.2,257,0,0,87.3,20.7,20.1,32.3,37.2,0,597.38
2020-09-09 07:00:00,3.7,6.86,1019.9,0,0,5,96,17.1,206,4.6,2.71,17,22,30.2,19.4,14.6,2.1,17.3,87.8,2,19.4,0.3,15.1,17.9,82.6,3.2,21,15.6,18.4,84.7,2.8,21.1,583.6,4942.3,20.3,25.5,22,3.9,9.6,1018.2,106.3,20.6,3.7,65.6,75.9,222.8,2.2,0,85.3,21.1,20.1,31.2,37.3,0,603.57
2020-09-09 08:00:00,3.2,31.74,1019.7,43.6,0.1,10,95,17.6,212,5.1,2.77,17,22,28,19.8,15.1,1.9,17.8,88.9,1.9,19.7,0.3,15.5,18.4,81.9,3.4,21.6,16,18.9,83.9,3.1,21.7,583.4,4968.2,20.6,25.4,21.9,3.9,9.5,1018.2,106.1,20.9,3.7,56.3,86.6,198,15.8,0,85.3,21.5,20.2,29.1,37.2,0,593.94
2020-09-09 09:00:00,12.4,133.04,1019.8,61.1,0,5,93,18.4,221,5.7,3.9,17,22,27.3,21.1,15.4,2.6,18.2,85.2,2.7,20.8,0.4,16.2,19.2,77.5,4.7,23.3,16.7,19.7,78.3,4.7,23.7,579.7,4974.8,21.5,25.2,21.9,3.9,9.4,1018.3,105.9,21.1,3.7,40.3,103.7,173.9,67.8,0,80.5,22.5,21.2,27.3,32.9,0,589.79
2020-09-09 10:00:00,24.6,174.14,1019.9,108.3,0,5,90,19.1,231,6.2,4.68,17,22,26.7,21.3,15.4,3,18.3,82.9,3.2,21.3,0.4,16.1,19.1,72.7,6,24.3,16.6,19.7,73.1,6.1,24.8,577.5,5008.8,22.3,25,21.9,3.9,9.3,1018.4,106,21.6,3.7,35.5,109.6,169.9,98.7,0,76.8,22.7,21.5,26.4,29,0,582.52
2020-09-09 11:00:00,27.3,240.02,1020.1,161.1,0,5,89,19.4,237,6.7,4.78,18,22,26,21.8,15.5,3.1,18.3,82.6,3.3,21.4,0.5,16.1,19.1,72.1,6.3,24.5,16.7,19.7,72.4,6.4,25,575.2,5011,22.6,24.9,21.9,3.9,9.3,1018.5,106,21.9,3.7,33.3,112.5,168.6,138.8,0,76.6,22.8,21.5,26,27.3,0,586.49
2020-09-09 12:00:00,37.3,166.82,1020,183.3,0,5,89,19.4,244,6.7,5.11,18,22,25.5,22.4,15.2,3.7,18,79.4,3.9,21.7,0.6,15.5,18.5,70.2,6.6,24.3,16.1,19.1,69.9,6.9,25,571.4,NaN,22.9,24.7,22,3.9,9.2,1018.6,106.5,22.4,3.7,35.4,107.4,166.4,95.1,0,74.7,22.4,21.5,25.3,26.7,0,581.8
2020-09-09 13:00:00,13.8,156.53,1019.9,200,0,5,89,19.3,250,6.2,4.29,18,22,25,21.6,14.9,3.1,17.6,82.3,3.2,20.8,0.5,15.6,18.6,74.7,5.3,23.3,16.4,19.3,74.8,5.5,24.1,567.9,NaN,22.5,24.6,21.9,3.9,9.3,1018.5,106.2,22.2,3.7,36,107.8,168.7,86.7,0,78.3,22.3,20.7,25,25.5,0,591.32
2020-09-09 14:00:00,11.7,113.41,1019.8,202.8,0,10,89,19.1,258,6.2,4.04,18,22,25,21.3,14.8,3.2,17.6,81.9,3.3,20.8,0.5,15.6,18.5,74.8,5.3,23.2,16.1,19,74.6,5.5,23.8,564.3,NaN,22.6,24.5,22,3.9,9.3,1018.6,106.3,22.2,3.7,38.5,106.6,173.2,67.4,0,79.1,22,20.5,25,25.1,0,595.8
2020-09-09 15:00:00,3.8,94.19,1019.8,177.8,0.1,10,91,18.7,268,5.7,2.71,18,22,25,21.1,15.1,2.6,17.8,85.2,2.6,20.4,0.4,15.8,18.7,79.7,4,22.4,16.3,19.2,80.5,4,22.8,561.4,NaN,22.2,24.4,22,3.9,9.3,1018.7,106.3,21.9,3.7,40.9,105.6,179,54,0,85.8,21.7,20.3,24,24.9,0,619.98
2020-09-09 16:00:00,4,111.64,1019.9,147.2,0.1,10,94,18.1,281,5.1,2.61,17.2,22,24,22.2,16.1,2.5,18.9,85.7,2.7,21.4,0.4,16.1,19,80.4,3.9,22.5,16.7,19.6,81.2,3.9,23,558.9,NaN,22.2,24.4,22.1,3.8,9.4,1018.8,106.8,21.8,3.7,38.8,106.8,174.8,64.3,0,86.4,21.7,21.1,24,29.8,0,619.65
2020-09-09 17:00:00,7.8,131.31,1019.9,127.8,0.1,15,97,17.4,294,4.6,2.66,17,22,24,22.5,16.1,2.8,19,84.3,3,21.8,0.4,16.4,19.3,80.6,4,22.8,16.7,19.6,80.9,4,23.1,555.4,NaN,22,24.4,21.9,3.8,9.3,1019,106.1,21.8,3.7,39.4,107.3,177.6,72.1,0,86.1,21.8,21.7,23.5,30,0,632.63
2020-09-09 18:00:00,19.2,109.76,1020.3,108.3,0,5,92,17,300,4.6,4.51,17,22,24.6,22,14.6,4.1,17.4,77.6,4.2,21.5,0.6,16.2,19.2,74.1,5.7,24.1,15.9,18.9,72,6.2,24.3,552.5,NaN,22.6,24.3,21.9,3.8,9.2,1019,105.9,22.3,3.7,39.7,105.5,175.3,60.9,0,77.3,22.4,21.6,24,30,0,585.5
2020-09-09 19:00:00,3.7,35.63,1020.7,66.7,0,5,88,16.5,307,4.1,3.83,17,22,24.4,20.1,13.5,4,16,77.8,3.8,20,0.5,15.3,18.1,77.6,4.4,22.3,15.3,18.2,76.4,4.8,22.6,551.4,NaN,22.1,24.2,21.9,3.8,9.3,1019,106.3,22.1,3.7,53.2,89.7,192.6,15.4,0,79.8,21.5,20.2,23.6,29.3,0,586.91
2020-09-09 20:00:00,3.7,1.69,1021.1,27.8,0,0,85,15.8,312,3.1,2.45,17,22,23.9,18.5,12.7,3.5,15.1,80.1,3.2,18.6,0.4,14.3,16.9,82.7,3,20,14.3,17,81.4,3.3,20.3,550.5,NaN,21.1,24.3,22.1,3.8,9.5,1019.9,106.6,21.1,3.7,73.2,61.6,234.2,0.2,0,85.6,19.8,19.5,22.8,29.3,0,606.73
2020-09-09 21:00:00,4.7,0,1021.5,13.3,0,0,89,13.9,312,2.6,2.06,17,22,23,18,13.4,2.2,15.8,86.7,2,18.1,0.3,13.3,15.7,84.3,2.5,18.4,13.1,15.5,82.5,2.8,18.6,549.1,NaN,19.9,24.4,22.1,3.8,9.7,1021.6,106.6,19.9,3.7,79.4,54.5,263.9,0,0,87,18.5,19,21.9,29.6,0,609.78
2020-09-09 22:00:00,5,0,1022.1,0,0.1,5,92,12.5,311,2.6,1.82,17,22,22.1,17.4,13,2,15.3,88.1,1.7,17.3,0.2,12.7,15,85.2,2.2,17.5,12.5,14.8,83.4,2.5,17.6,545.8,NaN,18.9,24.6,22.1,3.8,10,1021.9,106.6,18.6,3.7,79.2,55.2,266,0,24.76,88.1,17.9,18.9,21,29.4,0,610.73
2020-09-09 23:00:00,5,0,1022.6,0,0,0,94,11.6,307,2.1,1.73,17,22,21.7,17.3,12.6,2.3,14.8,86.1,2,17.1,0.3,12.4,14.5,84.4,2.3,17.2,12.8,15.1,85.2,2.2,17.6,543.1,NaN,18.4,24.6,22.1,3.8,10.1,1022,106.4,17.9,3.7,78.9,55.9,264,0,96.8,88.8,18,19.3,20.2,29.4,0,604.68
2020-09-10 00:00:00,5,0,1022.7,0,0.1,5,96,11.3,306,2.1,1.83,17,22,21,16.9,12.2,2.4,14.4,86,2,16.7,0.3,11.9,13.9,83.9,2.3,16.6,12.5,14.7,85.5,2.1,17.2,542,NaN,18,24.7,22.1,3.8,10.2,1022,106.2,17.5,3.7,78.6,56.3,263.3,0,97.13,88,17.6,19.2,19.9,29.3,0,602.22
2020-09-10 01:00:00,5,0,1022.7,0,0.1,5,97,11.1,303,2.1,1.76,17,22,21,16.5,12,2.3,14,86.1,1.9,16.4,0.3,11.5,13.4,83.9,2.2,16.1,12.2,14.4,85.5,2.1,16.8,540.3,NaN,17.5,24.7,22,3.8,10.2,1021.8,106,17.2,3.7,78.5,56.6,263,0,97.2,88,17.1,19.1,19,29.8,0,606.37
2020-09-10 02:00:00,5,0,1022.8,0,0,0,91,10,286,2.6,1.64,17,22,20.9,16.5,11.9,2.4,13.9,85.8,2,16.3,0.3,11.2,13,84,2.1,15.7,12,14,85.6,2,16.5,540,NaN,17.1,24.8,22,3.8,10.3,1021.8,105.6,16.7,3.7,78.5,56.6,261.8,0,97.1,88.4,16.8,18.9,19,29.7,0,616.82
2020-09-10 03:00:00,5,0,1022.7,0,0,5,90,10.1,281,2.1,1.5,17,22.2,20.6,16.8,12.2,2.4,14.3,85.7,2,16.7,0.3,10.9,12.5,84,2.1,15.2,11.7,13.6,85.3,2,16.1,538.3,NaN,16.7,24.8,22,3.8,10.4,1021.5,105.7,16.3,3.7,78.2,57.1,260.4,0,62.1,89.2,16.4,18.8,18.3,30.2,0,622.07
2020-09-10 04:00:00,5,0,1022.6,0,0,5,90,10.1,276,1.5,1.41,17,22,25.8,16.3,12.2,2.1,14.3,87.2,1.8,16.5,0.2,10.7,12.3,84.6,2,14.8,11.4,13.2,85.6,1.9,15.6,538.6,NaN,16.3,24.9,21.9,3.8,10.4,1022,105.3,15.8,3.7,77.9,57.8,260.8,0,0,89.8,16,18.3,26.3,30.1,0,629.6
2020-09-10 05:00:00,4.6,0,1022.4,0,0,5,90,10.1,263,1,1.96,17,22,31.3,16.4,12.3,2.1,14.4,87.6,1.7,16.4,0.2,11.6,13.5,82.9,2.4,16.4,12.3,14.5,85.1,2.2,17,535.5,NaN,16.6,24.9,22,3.8,10.2,1022,105.7,16.9,3.7,78.1,56.4,256.8,0,0,86.9,17.5,18.2,33.7,37.6,0,640.54
2020-09-10 06:00:00,4.9,0.43,1022.6,0,0,5,91,10.1,270,1,1.98,17,22,30.7,16.5,12.3,2.1,14.4,87.2,1.8,16.6,0.2,11.8,13.8,82.3,2.5,16.8,12.6,14.9,84.3,2.3,17.6,535.5,NaN,17.1,24.8,21.9,3.8,10,1021.9,105.6,17.8,3.7,76.7,59.5,255.7,0,0,87,17.7,18.2,31.5,35.8,0,654.16
2020-09-10 07:00:00,5,16.97,1022.7,0,0,5,89,10.6,279,1,2.08,17,22,30,16.9,12.5,2,14.7,87.8,1.7,16.7,0.2,12,14,81.2,2.8,17.3,13,15.3,84,2.5,18.1,535.4,NaN,17.5,24.7,22,3.8,10,1022,106.1,18.2,3.7,61,84.8,218.5,5.6,0,86.6,18.1,18.3,32,36.4,0,712.11
2020-09-10 08:00:00,3.7,84.57,1022.9,75.3,0,0,85,11.7,299,0.5,2.72,17,22,27.3,20.2,14.5,2,17.1,88.4,1.9,19.1,0.3,14.4,17,79.5,3.8,20.7,14.9,17.6,81.4,3.5,20.9,533.3,NaN,18.5,24.5,22,3.8,9.9,1022,106,18.8,3.7,47.4,101.7,194,28.7,0,84.4,20.2,19.8,29.1,27.3,0,732.53
2020-09-10 09:00:00,39.6,209.48,1022.9,83.3,0,5,78,13.4,307,1,6.33,17,22,28,21.8,13.7,5,16.3,73.7,5,21.3,0.7,17,20.1,62.9,10.2,27.9,17.4,20.5,63,10.6,28.4,527.2,NaN,20.7,24.2,21.9,3.8,9.7,1022,105.9,19.9,3.7,36.3,112.9,177.2,42.4,0,71.1,23.8,22.2,28.1,25.6,0,653.95
2020-09-10 10:00:00,83,221.33,1023.1,180.6,0,5,69,15.1,304,1,11.76,17,22,28,25.2,10.8,11.1,12.7,50.1,10.7,23.8,1.6,15.5,18.8,48.4,16.5,30.9,13.9,17.1,42.8,18.8,31.4,523.6,NaN,22.4,23.8,21.9,3.8,9.4,1022,106.1,21.2,3.7,27.8,114.1,158.4,67.8,0,46.7,24.2,23.4,29.9,64.6,5,572.68
2020-09-10 11:00:00,93,97.95,1023.3,283.3,0,5,63,16.5,302,1.5,13.96,18,22,28.8,26.3,10.5,12.6,12.4,45.7,12.5,24.9,1.9,14.1,17.2,44.1,18,30.9,13.3,16.4,41.3,19,31.1,516.7,NaN,23.3,23.4,22,3.8,9.2,1022.2,106.6,22.6,3.7,35.1,105,162.7,74.6,50.74,39.8,25.1,24.9,30,64.4,21.4,562.11
2020-09-10 12:00:00,77.1,247.78,1023.1,388.9,0,5,59,17.3,290,1.5,11.97,18,22,29,26.3,10.1,11.7,11.7,47.8,11,23.5,1.8,13.7,16.7,49.8,13.8,28.2,12.3,15,45,15,28.1,510.9,NaN,23.6,23.1,22.1,3.8,9.1,1022,107.2,23.6,3.7,28.6,115.4,161.3,185.9,0,44.3,23.7,23.1,29.8,65.8,1.1,561.07
2020-09-10 13:00:00,85.8,214.15,1022.9,450,0,5,56,17.8,281,1.5,12.93,18,22,28.8,27.5,10.3,12.3,12.2,46.4,12,24.5,2,13.4,16.4,47.5,14.9,28.7,12.2,14.9,44.2,15.4,28.3,498.7,NaN,24.2,22.7,22,3.8,8.9,1022,106.8,24.5,3.7,31.1,112,163.1,165.6,31.61,42,24.4,23.8,29,65.6,12.5,550.36
2020-09-10 14:00:00,72.3,303.72,1022.7,480.6,0,0,55,17.9,280,1.5,11.67,18,22,28.5,26.6,10.3,11.2,12,49.2,10.6,23.2,1.8,13,15.8,49.7,13.2,27.3,12.5,15.2,46.7,14.3,27.7,489.7,NaN,24,22.4,22,3.8,8.9,1022,106.7,24.3,3.7,30.3,113.7,163.6,168.4,0,45.3,23.6,22.8,29,66.2,0,551.22
2020-09-10 15:00:00,60.3,274.42,1022.1,469.4,0,5,56,17.9,259,1.5,10.87,18,22,28.2,26.2,10.6,10.6,12.5,51.4,10,23,1.7,12.8,15.6,51.9,11.9,26.2,12.5,15.2,49.3,12.8,26.7,479.1,NaN,23.8,22.1,22.1,3.8,9,1021.1,107.5,24,3.7,30.9,112.3,162.7,155,0,47.9,23.2,22.2,28.1,65.7,0,543.87
2020-09-10 16:00:00,73.2,231.03,1021.5,422.2,0,5,57,17.7,240,1,12.01,17.2,22,28,26.8,10.6,10.8,12.6,50.8,10.3,23.3,1.7,13.2,16.1,47.6,14.6,28.3,13,16,44.8,16.1,29.2,466.3,NaN,24.1,21.7,21.9,3.8,8.8,1020.1,106.8,25,3.7,31.4,110.6,161.2,160.1,0,44.7,24,23.4,28.3,65.2,1.2,539.05
2020-09-10 17:00:00,60.8,208.88,1020.8,377.8,0,5,60,17.2,220,1,10.8,17,22,28,24.4,10.5,10,12.3,53.2,9.2,22.3,1.4,12.8,15.7,48.9,13.5,27.4,12.9,15.8,46.1,15.3,28.6,455.9,NaN,23.9,21.4,22.2,3.8,8.9,1018.9,108.1,25.3,3.7,36.5,105.3,165.9,96.1,0,47.8,23,22.7,28.4,64.5,0,540.27
2020-09-10 18:00:00,36.2,126.53,1020.4,247.2,0,5,65,16.3,233,1,9.63,17,22,28,22.4,10.5,8.7,12.3,57.5,7.8,21,1.2,11.9,14.4,53.4,10.5,24.5,13,15.8,50.3,12.9,27.1,446.8,NaN,23.3,21.3,22.2,3.8,9,1018.8,107.8,24.5,3.7,42.4,100.8,174.8,39.7,0,51.5,22.4,22.2,28.1,64.1,0,543.34
2020-09-10 19:00:00,7.3,31.01,1020.1,130.6,0,5,73,15.1,235,1,6.5,17,22,27.3,20.2,11.2,6.1,13.2,67.8,5.3,19.3,0.8,12.3,14.7,64.9,6.7,21.6,13.5,16.3,64.6,7.5,23.4,440,NaN,22.5,21.2,22.1,3.8,9.2,1018.3,107.4,23,3.7,54.1,86.8,189.6,13.3,0,66,21.7,20.5,26.9,64,0,551.28
2020-09-10 20:00:00,0.3,1.02,1019.7,38.9,0,5,82,13.8,231,1,3.7,17,22,26,18.3,11.3,4.6,13.2,74.5,3.9,17.8,0.5,12.7,15.1,75,4.3,19.7,13.5,16.1,74.4,4.7,20.9,435.9,NaN,21.4,21.3,22.1,3.8,9.4,1018.1,107,21.6,3.7,72.9,61,229.2,0,0,78.8,20.2,19.8,24.8,63.2,0,580.61
2020-09-10 21:00:00,1.9,0,1019.5,15.6,0,5,86,13.1,213,1,2.54,17,22,24.7,17.9,12.1,3.2,14.2,81.5,2.7,17.4,0.4,12.4,14.7,79.8,3.2,18.3,13.4,15.9,80.2,3.3,19.4,432.2,NaN,20.2,21.5,22.2,3.8,9.7,1018.1,107.1,20.2,3.7,78.3,55.8,256.2,0,0,84.6,19.1,19.5,23.3,63.1,0,586.49
2020-09-10 22:00:00,4.5,0,1019.4,0,0,10,89,12.7,202,1,2.08,17,22,23.6,17.9,12.5,2.7,14.8,84.3,2.3,17.4,0.3,12.1,14.3,81,2.9,17.6,13.3,15.7,82.9,2.7,18.7,428.1,NaN,19.3,21.7,22.1,3.8,9.9,1017.8,106.8,19.2,3.7,78.3,56,257.9,0,22.8,86.7,18.5,19.4,22.3,63.6,0,593.56
2020-09-10 23:00:00,3.3,0,1019.3,0,0,15,91,12.5,197,1,2.28,17,22,22.8,18,12.5,2.9,14.8,83.3,2.5,17.7,0.3,12.2,14.3,81,2.8,17.6,13.1,15.5,82.1,2.9,18.7,425.3,NaN,18.9,21.8,22.1,3.8,10,1017.4,106.7,18.4,3.7,78.1,56.4,257.4,0,97.98,85.6,18.4,19.9,21,63.2,0,592.86
2020-09-11 00:00:00,4.6,0,1019.1,0,0,5,93,12.1,192,1,2.08,17,22,22,17.8,12.5,2.8,14.7,83.6,2.4,17.5,0.3,12,14.1,81.2,2.8,17.4,12.9,15.3,82.2,2.8,18.4,422.4,NaN,18.5,21.8,22.2,3.8,10.1,1017.1,106.8,18,3.7,77.9,56.7,257.2,0,97.7,86.6,18.1,19.8,20.3,63.1,0,599
2020-09-11 01:00:00,5,0,1018.9,0,0,5,95,11.9,187,1,1.96,17,22,21.9,18,12.8,2.6,15.1,84.9,2.3,17.7,0.3,12.2,14.3,81.8,2.7,17.5,13,15.4,83.6,2.6,18.2,421.8,NaN,18.3,21.8,22.2,3.8,10.2,1017,106.7,17.7,3.7,77.7,57.2,256.5,0,97.43,87.4,18.2,20,20,63.2,0,607.85
2020-09-11 02:00:00,5,0,1018.7,0,0.1,15,90,12.5,196,1,1.87,17,22,21.3,18.1,12.9,2.6,15.3,85,2.3,17.8,0.3,12.3,14.5,82.5,2.6,17.5,13.1,15.5,84.4,2.4,18.1,419.5,NaN,18.2,21.8,22.1,3.8,10.1,1017,106.3,17.6,3.7,77.7,57.4,257.3,0,97.27,88,18.2,20.1,20,63.2,0,615.51
2020-09-11 03:00:00,5,0,1018.1,0,0,5,91,12.2,191,1,1.79,17,22.2,21.8,18,12.9,2.5,15.3,85.2,2.2,17.8,0.3,12.2,14.4,82.9,2.5,17.3,12.9,15.3,84.8,2.3,17.9,418.4,NaN,18,21.8,22,3.8,10.1,1016.7,106,17.5,3.7,77.7,57.5,257.3,0,59.52,88.3,18,19.9,19.2,53.5,0,629.47
2020-09-11 04:00:00,5,0,1017.7,0,0,5,91,12,187,1,1.62,17,22,23.4,18.2,13.4,2.1,15.8,87.7,1.9,17.9,0.3,12.1,14.2,84.2,2.3,16.9,12.7,15,85.4,2.2,17.5,418.4,NaN,17.8,21.8,22,3.8,10.2,1016.1,105.8,17.2,3.7,77.4,58.6,258.7,0,0,89.1,17.7,19.5,19,48,0,642.65
2020-09-11 05:00:00,5,0,1017.3,0,0,5,93,11.7,180,0.5,1.63,17,22,28.1,18.1,13.2,2.3,15.7,86.2,2.1,18,0.3,12.2,14.3,83.6,2.4,17.1,13,15.3,85.9,2.1,17.7,416.6,NaN,17.6,21.8,22,3.8,10.1,1016.1,105.7,17.3,3.7,77.4,57.9,257.1,0,0,89.3,17.9,19.4,30.1,47.8,0,653.18
2020-09-11 06:00:00,4.9,0.35,1017.1,0,0,5,94,11.4,177,1,2.07,17,22,30,17.6,12.8,2.5,15.1,85.1,2.2,17.6,0.3,12.6,14.9,81.8,2.8,18.1,13.5,16,84.6,2.5,18.7,415.2,NaN,18,21.8,22,3.8,10,1015.8,106.1,18.3,3.7,76.7,59.1,252.7,0,0,87.2,18.8,19,31.8,43.4,0,667.4
2020-09-11 07:00:00,3.7,22.01,1016.9,0,0,5,95,11.5,185,1,2.44,17,22,29.9,18.1,13,2.3,15.3,86.2,2.1,17.7,0.3,12.6,14.9,80.1,3.1,18.4,13.5,16,82.3,2.9,19.1,414.9,NaN,18.5,21.7,22.1,3.8,9.9,1014.9,106.4,19,3.7,60.2,85.3,217,8.6,0,85.2,19.1,18.8,31,40.7,0,715.12
2020-09-11 08:00:00,1.3,96.19,1016.6,77.8,0,0,92,12,192,1.5,3.47,17,22,27.6,21.1,14.3,2.8,17,84,2.7,19.8,0.4,14.6,17.3,77.9,4.2,21.4,14.7,17.5,77.1,4.4,21.7,413.2,NaN,19.5,21.4,22,3.8,9.7,1015.3,106.3,19.9,3.7,42,107.8,186.3,46,0,80.9,20.9,20.1,28.5,38.4,0,510.52
2020-09-11 09:00:00,10.8,150.29,1016.7,97.2,0,0,81,13.9,213,2.1,4.02,17,22,28,22.8,13.8,4.8,16.5,74.1,4.8,21.3,0.7,16.3,19.3,72.8,6.1,24.5,16.3,19.3,73.5,5.9,24.4,410.1,NaN,21.1,21,22,3.8,9.5,1015.3,106.3,20.7,3.7,35.4,113.1,175,76,0,80.3,22.8,21.1,27.1,46.3,0,5.08
2020-09-11 10:00:00,40.3,274,1016.8,213.9,0,5,69,15.8,226,3.1,8.15,17,22,28,25,12,8.3,14.3,59.8,8.1,22.6,1.3,15.3,18.4,57.1,11.6,27.8,15.8,19,57.8,11.7,28.1,406.3,NaN,22.6,20.4,22,3.8,9.3,1016.2,106.5,21.9,3.7,29.5,117.3,166.2,117.6,0,62.2,23.8,22.1,27,62.8,0,5.16
2020-09-11 11:00:00,71.3,111.24,1016.9,336.1,0,0,62,17.2,231,3.6,12.11,18,22,27.9,27.1,10.6,11,12.6,50.1,10.6,23.6,1.8,13.8,16.9,45.5,16.6,30,13.6,16.6,45.2,16.4,29.8,398.5,NaN,23.5,19.7,22.1,3.8,9.2,1016.6,107.2,23.1,3.7,27.3,115.9,159.7,145.8,0,45.5,24.4,23.4,27.2,62.5,0.8,5.21
2020-09-11 12:00:00,85.9,91.45,1016.8,447.2,0,5,58,17.9,232,4.1,13.05,18,22,27.2,29.1,10.4,12.1,12.2,46.8,11.8,24.3,2.2,12.6,15.5,43.9,16.2,29,13,16,43,17.3,29.9,387.1,NaN,23.9,18.9,22,3.8,8.9,1016.5,106.9,24.5,3.7,28.4,115.5,161.3,172.8,25.65,41.8,24.5,24.1,27.9,63.2,6.4,5.22
2020-09-11 13:00:00,95.4,100.12,1016.7,555.6,0,0,56,18.5,232,4.6,14.21,18,22,27.8,27.8,10.1,13.5,11.9,43,13.4,25.4,2.1,11.7,14.3,44.1,14.9,27.6,12.6,15.5,44.2,15.9,28.9,374.5,NaN,24.5,18.2,22,3.8,8.9,1016.3,107.2,25,3.7,38,107.7,173.6,63.8,90,39.6,25.4,25.2,27.9,63,41.5,78.47
2020-09-11 14:00:00,94.3,97.73,1016.5,594.4,0,0,54,18.9,235,5.1,13.55,18,22,28,26.5,9.8,12.6,11.4,45.3,11.9,24,1.9,11.1,13.3,46.3,12.8,25.7,11.9,14.6,44.9,14.6,27.6,367.4,NaN,24.4,17.8,22.1,3.8,9,1015.9,107.7,24.6,3.7,57.5,76.9,180.2,92.8,90,39.3,24.5,24.7,28,50.2,16.9,543.6
2020-09-11 15:00:00,90.9,79.86,1016.3,636.1,0,5,53,19.1,239,5.1,12.58,18,22,28.8,25.9,10.3,11.6,12.1,48.2,11.1,23.8,1.7,11.3,13.6,48.6,11.9,25.2,12,14.6,46.7,13.7,26.9,358.3,NaN,24.1,17.4,22.2,3.8,9,1014.6,107.8,24.2,3.7,63.3,68.2,186.3,73.8,90,41.9,23.9,24,28.5,32.5,5.3,546.48
2020-09-11 16:00:00,64,63.44,1016.1,583.3,0,5,53,19.1,241,5.1,11.42,17.2,22,29,25.6,10.5,10.2,12.4,52.4,9.6,22.6,1.6,12.2,14.8,48.4,13.1,26.6,12.6,15.4,43.4,16.4,29.1,349.8,NaN,23.7,17.1,22.2,3.8,9,1014,108.2,24.5,3.7,42.6,75.8,137.4,282.9,2.65,44.8,23.1,22.6,28.9,31.3,0,548.92
2020-09-11 17:00:00,52.1,233.04,1015.9,488.9,0,0,54,18.7,242,5.1,10.91,17,22,28.3,24.7,10.4,10,12.2,53.1,9.2,22.2,1.5,12.2,14.8,47,13.8,27.1,12.5,15.3,44.4,15.6,28.6,340.3,NaN,23.8,16.6,22.1,3.8,8.8,1014.1,108.1,26,3.7,56.8,75.2,174.4,129.7,0,46.4,22.8,22.2,29,30.3,0,543.74
2020-09-11 18:00:00,28,116.09,1015.7,336.1,0,5,58,17.7,243,4.1,9.13,17,22,27.9,22.3,10.5,8.7,12.3,57.7,7.7,21,1.1,11.7,14,54.1,10,23.9,12.4,15,51.4,11.8,25.8,333.6,NaN,23.3,16.3,22.2,3.8,9,1013.7,108.1,24.6,3.7,64.8,66.3,188.4,65.5,0,53,22,21.1,27.6,29.5,0,550.47
2020-09-11 19:00:00,0,8.74,1015.5,183.3,0,5,65,16.1,241,3.1,7.14,17,22,27,21.6,11.9,6.7,14.1,65.4,6.2,20.8,0.9,12.8,15.3,65.4,6.8,22.1,12.9,15.5,62.5,7.8,23.1,327.6,NaN,22.5,16.3,22.3,3.8,9.3,1013.3,108.1,22.8,3.7,74.4,58.1,228.8,4.3,93.47,63.8,22.2,21.6,26.3,29.8,0,589.82
2020-09-11 20:00:00,0,0.12,1015.3,58.3,0,0,72,14.6,236,2.1,4.95,17,22,26.1,20.7,13.1,5,15.6,72.9,4.9,20.6,0.7,13.1,15.6,72.3,5,20.8,13.6,16.2,72.3,5.2,21.4,323.9,NaN,21.7,16.3,22.3,3.8,9.5,1013,107.8,21.5,3.7,79.6,55,269.6,0,100,73.2,21.1,21.1,24.8,30,0,616.76
2020-09-11 21:00:00,0,0,1015.4,18.9,0,0,77,13.5,221,2.6,3.82,17,22,25.1,19.8,13.2,3.8,15.7,78.9,3.5,19.4,0.5,12.7,15,76.4,3.9,19.3,13.4,16,77.2,4,20.1,320.5,NaN,20.7,16.4,22.3,3.8,9.7,1013,107.6,20.5,3.7,80.5,53.9,275.8,0,100,78.1,20,20.3,23.7,29.7,0,615.99
2020-09-11 22:00:00,0,0,1015.5,0,0,5,80,12.8,208,3.1,3.43,17,22,24.3,19.2,13.1,3.3,15.5,80.9,3.1,18.9,0.4,12.4,14.6,78.2,3.4,18.5,13.2,15.7,79.4,3.4,19.3,317.9,NaN,19.9,16.4,22.2,3.8,9.8,1013.1,107,19.5,3.7,80,55,275.5,0,100,79.5,19.4,20,22.4,29,0,622.8
2020-09-11 23:00:00,0,0,1015.5,0,0,0,82,12.3,200,3.1,3.13,17,22,23.5,18.8,12.9,3.1,15.3,82.1,2.8,18.4,0.4,12.1,14.3,79.2,3.2,17.9,12.9,15.3,80.5,3.1,18.7,315.1,NaN,19.2,16.5,22.2,3.8,10,1013.1,107,18.7,3.7,79.8,55.1,273.5,0,100,80.7,18.9,19.8,21.5,29.2,0,627.63
2020-09-12 00:00:00,1,0,1015.5,0,0,5,84,12.1,199,3.1,2.88,17,22,23,18.2,12.5,3.3,14.7,81,2.9,18,0.4,12.1,14.2,80.8,2.9,17.5,12.8,15.1,81.7,2.9,18.3,313.4,NaN,18.6,16.5,22.2,3.8,10.1,1013,106.8,18.1,3.7,79.3,55.9,272.6,0,99.42,82.1,18.6,19.7,20.8,29.5,0,629.37
2020-09-12 01:00:00,1.1,0,1015.3,0,0,5,85,12,196,3.1,2.66,17,22,22.3,17.7,12,3.4,14.1,80.4,2.9,17.5,0.4,12,14.1,81.8,2.7,17.2,12.7,15,82.1,2.8,18.1,310.8,NaN,18.2,16.6,22.1,3.8,10.1,1013,106.5,17.7,3.7,79.4,56.1,271.2,0,98.97,83.1,18.3,19.6,20,29.1,0,633.87
2020-09-12 02:00:00,2,0,1015.2,0,0,0,88,12.3,196,3.1,2.48,17,22,22,17.5,12,3.2,14.1,81.4,2.7,17.3,0.4,11.9,14,82.5,2.5,17,12.6,14.9,83,2.6,17.8,309.4,NaN,17.9,16.6,22,3.8,10.2,1013,106.1,17.4,3.7,79.2,56.2,269.4,0,98.7,84,18.1,19.5,20,29.8,0,633.04
2020-09-12 03:00:00,2.3,0,1015,0,0,5,88,12.4,206,3.6,2.26,17,22.2,21.9,17.5,12.2,2.9,14.4,83.1,2.5,17.3,0.3,11.8,13.8,82.9,2.4,16.7,12.5,14.7,83.4,2.5,17.6,308.1,NaN,17.6,16.6,22,3.8,10.2,1013,105.8,17.2,3.7,79.1,56.3,268.1,0,58.96,84.8,17.6,19.3,19,30.5,0,636.71
2020-09-12 04:00:00,4.9,0,1014.9,0,0,5,89,12.4,211,3.6,1.85,17,22,23.2,17.4,12.5,2.3,14.8,86.2,2,17.1,0.3,11.5,13.3,83.7,2.2,16.1,12.3,14.4,84.8,2.2,17,307,NaN,17.1,16.6,22,3.8,10.3,1012.6,106,16.8,3.7,78.9,56.5,266.4,0,0,87.2,17,18.6,23.6,30.3,0,638.97
2020-09-12 05:00:00,4.9,0,1014.8,0,0,0,89,12.3,219,4.1,2.03,17,22,27.6,17.8,13,2.2,15.3,86.8,2,17.6,0.3,11.9,13.9,82.3,2.5,16.9,12.8,15.1,84.9,2.3,17.7,304.7,NaN,17.3,16.6,22.1,3.8,10.2,1012.9,106.5,17.2,3.7,78.6,56.3,262.9,0,0,86.8,17.8,18.9,29.4,36.9,0,636.47
2020-09-12 06:00:00,4.3,0.08,1015,0,0,5,90,12.3,220,4.6,2.16,17,22,30.3,17.8,13,2.3,15.4,86.2,2.1,17.7,0.3,12.5,14.8,81.6,2.8,18,13.4,15.9,83.6,2.6,18.7,482.7,5060.3,18,22.1,21.1,3.8,9.5,1012.9,101.6,18.7,3.7,78,57.6,260.9,0,0,86.7,18.9,19,31.3,37,0,352.66
2020-09-12 07:00:00,5,13.87,1015.3,0,0,5,88,12.7,224,5.1,1.98,17,22,30.3,18.2,13.1,2.4,15.5,85.9,2.1,17.9,0.3,13.4,15.8,83,2.7,18.8,13.8,16.3,82.7,2.9,19.4,687.4,5208.8,18.7,27.4,17.5,3.8,7.8,1013,84.5,19.6,3.6,73.3,61.2,230.6,4.7,0,88,19.3,18.9,32.2,37.1,0,5
2020-09-12 08:00:00,5,56.04,1015.5,58.6,0,0,85,13.6,228,5.7,2.1,17,22,27,19.6,13.3,3.1,15.8,82.1,2.9,18.9,0.4,14.2,16.8,81,3.3,20.2,14.9,17.7,82,3.3,20.9,707,5210.6,19.6,27.9,13.7,3.8,6,1013.5,66.2,19.8,3.7,68.4,63.1,199.9,28.6,0,88.2,20.3,19.7,30,37.5,0,5.08
2020-09-12 09:00:00,12.3,178.02,1016,63.9,0,5,81,14.9,235,6.2,3.82,17,22,27,22.4,12.8,5.4,15.3,71.4,5.2,20.7,0.8,15.3,18.2,72.1,6.1,23.6,18.8,21.4,86.4,2.9,23.9,714.8,5200.9,20.7,28.1,10.2,3.8,4.5,1013.6,49.1,20.1,3.7,60.5,71.2,180.6,143.6,0,80.6,21.8,20.9,27.7,33.7,0,588.28
2020-09-12 10:00:00,9.7,189.05,1016.6,136.1,0,5,76,16.1,241,7.2,5.12,17,22,26,22.4,12.3,6,14.6,69.1,5.7,20.6,0.9,15.7,18.7,67.9,7.5,25.1,16.8,19.8,69.3,7.5,25.9,727.4,5243.8,21.6,28.3,7.2,3.8,3.1,1015.4,34.9,20.7,3.7,51.4,83.4,177.3,231.8,0,74.3,22.2,20.9,27,30.1,0,569.32
2020-09-12 11:00:00,11.6,175.97,1017.2,227.8,0.1,5,73,17,246,7.7,6.45,18,22,26,19.2,12.9,2.7,15.2,84.1,2.4,17.9,0.4,14.2,17,65.5,7.5,23.9,14.8,17.8,63.6,8.5,25.1,742.1,5308.9,22,28.5,5.2,3.8,2.2,1016.6,25.1,21.2,3.7,57,74.2,172.1,97.2,0,67.2,22.1,20.1,26.1,27.9,0,563.5
2020-09-12 12:00:00,18.6,249.67,1017.7,291.7,0.1,5,72,17.4,247,7.7,7.1,18,22,25.3,21,12.7,5,15.2,73,4.7,20.2,0.7,14.3,17.2,63.6,8.2,24.6,14.9,17.9,61.2,9.5,26,743.2,5312.4,22.3,28.5,4,3.8,1.7,1017,19.2,21.5,3.7,49.7,78.7,158.6,221.7,0,64.6,22.5,21.1,25.8,27.4,0,565.03
2020-09-12 13:00:00,34,312.82,1018.1,336.1,0,5,73,17.7,248,7.7,7.98,18,22,25,23.5,13,5.9,15.6,69.1,5.9,21.5,0.9,14.4,17.4,60.3,9.6,25.7,14.9,18,57.5,11.1,27.1,746.7,5351.4,22.8,28.4,3.2,3.8,1.4,1017.5,15.5,22,3.6,41.8,88.1,152.1,303.9,0,61.3,23.1,21.9,25,27.8,0,562.03
2020-09-12 14:00:00,62.9,92.81,1018.6,372.2,0,0,73,17.7,250,7.2,9.67,18,22,25.5,24,13,7.3,15.6,63.7,7.4,22.9,1.1,13.8,16.7,56.3,10.7,26.1,14.6,17.7,53.5,12.7,28,747.2,5392.9,23.3,28.3,2.9,3.8,1.2,1018,14.1,22.6,3.6,44.6,78.4,145.2,314.1,62.63,55.3,23.9,23.2,26,28.7,0,557.63
2020-09-12 15:00:00,54.2,121.65,1019,361.1,0.1,5,72,17.9,250,6.7,9.3,18,22,26,25.2,12.6,7.6,15.1,62.1,7.7,22.7,1.2,13.9,16.9,54.3,11.8,27,14.1,17.1,52.1,13,27.9,748.1,5437.4,23.1,28.2,4.2,3.8,1.7,1018.2,20.4,23.1,3.6,41.5,79.3,138.8,314.7,18.76,55.4,23.2,22.4,26.3,29,0,554.77
2020-09-12 16:00:00,56,107.23,1019.4,322.2,0.1,5,72,17.9,250,6.2,9.59,17.2,22,26.9,24.5,12.5,7.9,15,61,8,22.9,1.2,14.1,17.2,53,12.5,27.6,14.4,17.6,47.3,16.1,30,741.5,5451.1,23.4,28,5.5,3.8,2.2,1018.7,26.7,23.9,3.7,41.5,79.7,138.5,355.1,0,54.6,23.5,22.8,27.4,30.3,0,554.68
2020-09-12 17:00:00,35.5,207.15,1019.8,261.1,0,0,73,17.7,249,5.7,7.86,17,22,27,23.2,12.5,7,15,64.3,6.9,22,1,13.9,16.8,58.5,9.8,25.5,14,17,53.6,12.2,27.3,739.6,5496.3,23.2,27.8,8.5,3.8,3.5,1019,41.4,24.2,3.6,53.5,73.8,158.9,108.5,0,60.5,22.5,21.7,27.3,30.6,0,554.55
2020-09-12 18:00:00,15.6,120.94,1020.2,166.7,0,5,74,17.1,250,4.6,7.08,17,22,26.7,21.7,12.2,6.6,14.6,66.1,6.3,21.1,0.9,13.7,16.5,63.1,8,24,13.9,16.9,58.2,10.1,25.8,734.1,5487.7,22.8,27.6,11.3,3.8,4.7,1019,55,23.4,3.6,59.3,69.6,171.7,60.7,0,63.9,22.1,21,26.3,29.7,0,558.99
2020-09-12 19:00:00,4.6,39.48,1020.6,86.1,0.1,5,78,16.3,249,4.1,5.13,17,22,26,20.1,11.9,5.8,14.1,69.3,5.3,19.9,0.7,13.7,16.4,69.9,5.9,22.2,14.4,17.3,67.3,7,23.7,733.5,5492,22.3,27.6,14,3.8,5.9,1019,68,22.4,3.6,66.6,64.5,194.2,20.7,0,73.3,21.9,20.3,25.5,29.1,0,567.3
2020-09-12 20:00:00,1.5,0.71,1020.9,30.6,0,0,82,15.4,243,3.1,3,17,22,25.3,18.5,11.9,4.5,14,75.2,3.9,18.5,0.5,13.7,16.3,78.9,3.7,20.1,14.1,16.8,76.4,4.4,21.1,731,5464.7,21.4,27.6,15.4,3.8,6.6,1019.3,74.5,21.4,3.6,76.7,59.6,257.1,0,0,83.2,20.4,19.6,24.4,29.5,0,573.03
2020-09-12 21:00:00,4.6,0,1021.2,0,0,0,85,14.6,226,3.1,2.18,17,22,24.3,17.9,12.3,3.3,14.5,80.9,2.9,17.9,0.4,13.1,15.5,81.5,3,18.8,13.8,16.4,80.9,3.3,19.8,728.4,5425.1,20.4,27.7,16.3,3.8,7.1,1019.9,78.6,20.4,3.6,78.6,59.7,278,0,0,87,19.3,19.3,23.3,30.4,0,578.1
2020-09-12 22:00:00,5,0,1021.6,0,0.1,5,88,14.1,211,3.1,1.82,17,22,23.3,17.8,12.7,2.7,15,84.2,2.4,17.7,0.3,12.5,14.8,81.8,2.8,18,13.5,16,83.3,2.7,18.9,725.9,5385.1,19.6,27.8,16.7,3.8,7.4,1020.7,80.7,19.6,3.6,78.6,59.8,278.3,0,18.73,88.7,18.6,19.1,22,31,0,584.75
2020-09-12 23:00:00,5,0,1021.9,0,0,0,90,13.8,200,3.1,1.99,17,22,22.8,17.9,12.6,2.9,14.8,83,2.6,17.8,0.4,12.5,14.8,82.5,2.7,17.8,13.4,15.9,83.4,2.7,18.8,722.6,5344.3,19.1,27.8,17.1,3.8,7.7,1020.9,82.5,18.9,3.6,78.2,60.2,275.7,0,97.3,87.5,18.5,19.5,21,30.8,0,586.56
2020-09-13 00:00:00,5,0,1022,0,0,5,91,13.6,201,3.1,1.85,17,22,22,17.7,12.5,2.9,14.7,83.2,2.5,17.6,0.3,12.4,14.6,82.6,2.6,17.6,13.3,15.7,83.5,2.6,18.5,720.1,5319.9,18.7,27.9,17.3,3.8,7.8,1020.9,83.5,18.4,3.6,77.8,60.7,274.6,0,97.18,88,18.2,19.6,20.4,30.1,0,587.01
2020-09-13 01:00:00,5,0,1022.1,0,0.1,5,91,13.5,197,3.1,1.79,17,22,22,17.7,12.6,2.8,14.8,83.9,2.4,17.6,0.3,12.2,14.4,82.9,2.5,17.3,13.1,15.6,84.3,2.5,18.3,719.9,5309.5,18.3,27.9,17.6,3.8,8,1020.4,84.9,17.9,3.6,77.8,60.8,272.4,0,97,88.3,18,19.5,20,30,0,589.94
2020-09-13 02:00:00,5,0,1022.2,0,0,0,94,13.6,186,3.6,1.64,17,22,21.1,17.7,12.6,2.7,14.9,84.4,2.3,17.6,0.3,12.2,14.3,83.3,2.4,17.1,13.1,15.5,84.8,2.3,18.1,718.7,5293.5,18,27.9,17.9,3.8,8.2,1021.2,86.1,17.6,3.6,77.6,60.6,271.7,0,96.9,89.2,17.8,19.4,20,30,0,596.26
2020-09-13 03:00:00,5,0,1022,0,0,5,94,13.6,189,4.1,1.44,17,22.2,21.5,17.6,12.7,2.5,15,85.5,2.2,17.5,0.3,12,14.1,83.6,2.4,16.9,12.9,15.3,85.3,2.2,17.8,718.1,5287.4,17.8,27.9,18.3,3.8,8.5,1020.5,88.3,17.4,3.6,77.6,60.9,270.5,0,49.74,90.4,17.5,19.2,19.1,30,0,598.99
2020-09-13 04:00:00,5,0,1021.9,0,0,5,95,13.5,189,4.1,1.3,17,22,22.4,17.6,13,2.2,15.4,87.2,1.9,17.5,0.3,11.8,13.9,84.6,2.2,16.5,12.9,15.2,86.8,2,17.4,716.9,5273.6,17.5,27.9,19.6,3.8,9.1,1020.4,94.2,17,3.6,77.3,61.9,272.4,0,0,91.2,17.2,18.8,18.9,29.8,0,599.39
2020-09-13 05:00:00,5,0,1021.9,0,0,0,96,13.4,189,4.1,1.38,17,22,27.7,17.8,13.1,2.2,15.5,87.1,2,17.7,0.3,12,14,84,2.3,16.7,13,15.4,87,2,17.6,717.1,5271.4,17.3,28,20.2,3.8,9.4,1021,97.2,17,3.6,77.1,60.9,265.4,0,0,90.8,17.5,18.9,31.2,36.7,0,606.14
2020-09-13 06:00:00,5,0.02,1022.1,0,0,5,98,13.2,189,4.6,1.8,17,22,29.8,17.8,13.1,2.3,15.5,86.7,2,17.8,0.3,12.4,14.6,81.8,2.8,17.8,13.6,16.1,84.9,2.4,18.7,713.1,5256.2,17.8,27.9,20.4,3.8,9.3,1020.7,98.1,18,3.6,76.6,60.8,257.6,0,0,88.6,18.6,19,32.6,37.3,0,603.48
2020-09-13 07:00:00,5,11.04,1022.2,0,0,5,98,13.4,192,4.6,1.96,17,22,30.1,18.4,13.5,2.2,15.9,87.1,2,18.1,0.3,12.9,15.3,81.4,2.9,18.5,14,16.7,84.2,2.6,19.4,713,5276,18.3,27.8,20.4,3.8,9.2,1021.3,98.3,18.6,3.6,69.1,70,228.9,3.7,0,88,19.1,19.3,32,37,0,598
2020-09-13 08:00:00,4.8,85.67,1022.4,84.2,0,0,96,14.2,196,5.1,2.27,17,22,27,19.9,13.7,2.8,16.3,84,2.6,19.1,0.4,13.9,16.5,79.2,3.7,20.3,15.1,17.9,81.9,3.4,21.1,711.8,5300.1,19.2,27.7,20.4,3.8,9.1,1021.6,98.5,19.2,3.6,60.7,75.4,192.2,47.5,0,87.3,20.4,20,29.6,37.3,0,596.13
2020-09-13 09:00:00,4.6,150.99,1023,94.4,0,0,91,15.7,206,5.7,2.95,17,22,27,21.2,13.6,3.9,16.2,78.2,3.8,20.1,0.6,15.2,18.1,75.6,4.9,22.7,16.3,19.2,76.7,5,23.6,709.1,5326.5,20.5,27.6,20.3,3.8,9,1022,98.2,19.8,3.6,54.9,78.3,173.5,91.9,0,84.8,21.8,20.7,27.4,33,0,589.84
2020-09-13 10:00:00,29.7,257.94,1023.5,247.2,0,5,84,17.4,215,6.7,5.9,17,22,27,24.2,14,5.1,16.8,72.7,5.3,21.9,0.8,15.9,19,64.7,8.7,26.2,16.9,20.1,63.5,9.8,27.7,706.9,5385.1,22,27.3,20.3,3.8,8.8,1022.1,98.2,20.8,3.6,41.8,86.2,149.4,295.2,0,72,23.4,22.2,27,30.5,0,576.27
2020-09-13 11:00:00,80.3,102.31,1024,433.3,0,0,78,18.7,220,7.2,9.11,18,22,26.8,27.9,14.1,7.2,17,64.2,7.9,24.2,1.4,16,19.3,53.3,14,29.8,16,19.3,52.5,14.5,30.1,706.9,5479.5,23,27,20.3,3.8,8.6,1023.3,98.2,22,3.6,28.8,79.8,113.4,535.7,0,59.5,24.6,24.3,27,30,1.2,558.92
2020-09-13 12:00:00,96,98.7,1024.1,544.4,0,5,73,19.6,220,7.2,9.69,18,22,26,26.8,13.5,8.5,16.3,59.2,9.3,24.8,1.4,14.1,17.1,55.9,11.2,26.7,14.8,17.9,55.5,11.9,27.7,703.2,5543.2,23.3,26.7,20.6,3.8,8.6,1023.4,99.7,22.9,3.6,46.3,76.7,143.5,119,86.29,56.6,24.5,25.5,26.3,30.3,11.6,549.9
2020-09-13 13:00:00,96,105.22,1024.2,622.2,0,0,70,20.2,221,6.7,10.38,18,22,26.6,27.2,13.5,9,16.4,57.6,10,25.4,1.5,14.1,17,57.1,10.6,26.2,15,18.1,55.8,11.9,27.8,697.9,5590.6,23.9,26.4,20.7,3.8,8.6,1023.2,100.6,23.3,3.6,49.5,78.6,155.4,111.7,90,55.3,25.1,26.4,27.6,31.2,25.6,543.99
2020-09-13 14:00:00,96,103.09,1024.3,655.6,0,0,67,20.7,222,6.7,11.32,18,22,27,27.9,13.4,9.8,16.3,55,11,26.1,1.7,14.1,17.1,55,11.5,26.9,14.9,18.1,54,12.7,28.3,692.1,5621.1,24.5,26.2,20.8,3.8,8.6,1023.5,101.1,23.6,3.6,50.6,78.9,159.7,102.7,90,52.4,25.6,27,29,32,53,539.75
2020-09-13 15:00:00,96,82.18,1024.1,630.6,0,5,65,21,225,6.7,10.74,18,22,27.8,28,14.1,9.2,17.1,57.1,10.6,26.3,1.6,14.7,17.7,57.1,11,27,15.5,18.7,55.6,12.3,28.4,685.1,5637.4,24.8,25.9,21,3.8,8.6,1022.5,102.1,23.9,3.6,53.2,76.9,164.5,76.7,90,55.4,25.7,27.3,29.5,32.4,73.5,538.56
2020-09-13 16:00:00,96,63.39,1024,569.4,0,5,65,20.9,226,6.2,10.2,17.2,22,28,27.4,14.1,8.9,17.1,58,10.2,26,1.5,15,18.2,55.2,12.4,28,15.4,18.6,53.6,13.4,29,677.7,5637.8,24.9,25.8,21.2,3.8,8.6,1022.7,103.1,24.5,3.6,50.7,80,163,125.6,34.71,56.2,25.2,26.8,29.5,32.7,75,537.6
2020-09-13 17:00:00,96,283.5,1023.8,475,0,0,66,20.5,227,6.2,9.27,17,22,28.8,26.9,14,8.5,17,59.3,9.6,25.5,1.4,15.4,18.7,51.7,14.6,29.8,15.4,18.8,49.5,15.9,30.6,666.9,5622.4,25.2,25.5,21.2,3.8,8.3,1022.9,103.6,26.5,3.6,52.9,76.9,163,98.8,0,58.4,24.4,25.3,29.9,32.5,42.2,544.67
2020-09-13 18:00:00,67.3,126.24,1023.9,322.2,0,5,69,19.5,229,4.6,8.16,17,22,28.5,24,12.8,8.1,15.5,60.3,8.4,23.6,1.2,13.3,16,57.9,9.7,24.9,13.7,16.7,53.1,12.2,27,662.1,5637.9,24.2,25.4,21.3,3.8,8.5,1022.5,103.7,25.2,3.6,57.8,74.4,176.6,55.1,0,59.7,22.7,23.1,28.7,31.3,1.1,548.26
2020-09-13 19:00:00,17.8,29.22,1024,172.2,0,5,75,18.1,228,3.6,6.78,17,22,27.3,21.6,11.8,7.4,14.1,62.9,7,21.5,1,12.5,15,64.6,6.9,22,13.2,15.8,62.6,7.9,23.4,655.1,5587.4,22.8,25.3,21.7,3.8,9,1022.2,105.3,23.2,3.6,65.3,69.2,200.4,13.6,0,64.8,21.9,22,26.8,29.6,0,556.44
2020-09-13 20:00:00,0.2,0.62,1024,47.2,0,0,81,16.8,227,2.6,4.01,17,22,26.3,19.7,12.2,5.3,14.4,71.7,4.8,19.7,0.7,13.3,15.8,74.5,4.5,20.5,13.9,16.6,73.3,5.1,21.6,649.4,5523.1,21.8,25.4,21.8,3.8,9.3,1022.3,105.7,21.9,3.6,77.3,57.5,254.3,0,0,78.3,21,21,25.2,29.3,0,562.49
2020-09-13 21:00:00,2.4,0,1024.2,0,0,0,87,15.6,214,2.6,2.65,17,22,25.1,18.4,12.2,3.7,14.3,79.1,3.2,18,0.4,13.3,15.8,80.7,3.2,19.2,13.9,16.6,78.9,3.7,20.4,643.8,5456.6,20.9,25.4,21.9,3.8,9.5,1022.8,105.7,20.7,3.6,79.7,56.5,278.3,0,0,84.7,19.9,20.4,23.8,29.1,0,591.21
2020-09-13 22:00:00,4.3,0,1024.5,0,0,5,91,14.8,200,2.1,2.09,17,22,23.9,18.1,12.3,3.1,14.5,81.8,2.7,17.6,0.4,12.9,15.3,81.7,2.9,18.5,13.7,16.3,81.5,3.1,19.5,640.9,5411.5,20.1,25.5,21.8,3.8,9.6,1023.2,105.3,19.8,3.6,79.4,57.5,280.5,0,16.73,87.3,19.2,20.4,22.7,29.7,0,594.01
2020-09-13 23:00:00,4.2,0,1024.7,0,0,0,94,14.1,187,1.5,2.2,17,22,23,18.2,12.4,3.2,14.7,81.5,2.8,17.9,0.4,12.8,15.2,81.9,2.8,18.3,13.7,16.2,82.3,2.9,19.3,636.7,5364.5,19.5,25.5,21.8,3.8,9.7,1023.2,105.4,19.2,3.6,79,58.1,277.7,0,97.63,86.5,19,21.3,21.8,30,0,599.08
,,,,,,,,,,,,,,,,,,,,,,,,,,,,,,,,,,,,,,,,,,,,,,,,,,,,,,
Link to dashboard,"https://zensie.30mhz.com/group/c622aaf8-e85b-11ea-a179-a978cbc00273/explore/date/f1w?checks=i-e30733be-fbf5-11e9-836f-8f17068a4f0a,818254cd-64b4-400a-b8d1-6055b3c5ac11,i-0f484008-704c-11ea-8eed-5db34d8286f5,i-e2768ccb-fbf5-11e9-86e3-8351f8c17dd8,i-e2a2cd07-fbf5-11e9-86e3-8351f8c17dd8,i-e28dbdf0-fbf5-11e9-836f-8f17068a4f0a,i-e2cc4e0d-fbf5-11e9-86e3-8351f8c17dd8,5c784c41-52a9-4b69-91a5-0cf3f6098012,92914104-f223-4815-9e70-7779e377b892,fde6c77b-ec45-462a-a853-ec3b6c931b35,c9048726-ca33-4a32-9571-0dd03fa5c04f,a73a2604-6d35-4a65-a83a-94bc1eed3578,e043ae1e-b40a-4b83-9c2e-35eb3c26fafa,i-e2e10e1d-fbf5-11e9-836f-8f17068a4f0a,i-e263528e-fbf5-11e9-836f-8f17068a4f0a,i-e24e4437-fbf5-11e9-86e3-8351f8c17dd8,i-df8ba16c-fbf5-11e9-836f-8f17068a4f0a,i-e2b6c9c1-fbf5-11e9-836f-8f17068a4f0a,i-e0078878-fbf5-11e9-86e3-8351f8c17dd8,i-e31a46ff-fbf5-11e9-86e3-8351f8c17dd8,315a8867-a5eb-4564-aa2d-8197a01f4352&timezoneOffset=120&timezoneId=Europe%2FAmsterdam"